{
    "alpha": [
        1.7264985163683046,
        -33.27903407509345,
        128.73512539664986
    ],
    "anglit": [
        46.82552235290711,
        79.96253999014637
    ],
    "arcsine": [
        -16.423687263863336,
        226.42368726386337
    ],
    "argus": [
        6.466903149733973e-05,
        -83.28739543978713,
        298.2282210806875
    ],
    "beta": [
        0.7146909323892934,
        1.316278275994656,
        2.9999999999999996,
        209.05213954166837
    ],
    "betaprime": [
        0.9011692273546845,
        5.819707300286347,
        2.9999999947327955,
        353.83928667595876
    ],
    "bradford": [
        2.36316787307154,
        2.999967421085646,
        207.0001119250262
    ],
    "burr": [
        2.072040442743249,
        0.31659741384846857,
        2.9999999994184146,
        78.62704704156376
    ],
    "burr12": [
        1.0241293562791645,
        3218.967735025796,
        2.902686737484785,
        159973.1699785201
    ],
    "cauchy": [
        33.15330266813021,
        24.959052526398057
    ],
    "chi": [
        0.7214176485083915,
        2.9999999999999996,
        85.8723281993581
    ],
    "chi2": [
        1.72559375063889,
        2.999999999999999,
        32.31096187166077
    ],
    "cosine": [
        75.53540994710664,
        54.52526258573142
    ],
    "crystalball": [
        7.3049584201780275,
        38546.808149486125,
        64.1249984923971,
        61.33332047692869
    ],
    "dgamma": [
        2.187653625371211,
        61.82799864345424,
        22.397815550152117
    ],
    "dweibull": [
        1.4756412312058427,
        62.86787698544238,
        54.927785637525545
    ],
    "erlang": [
        0.739504368485612,
        2.9999999999999996,
        59.09924379089846
    ],
    "expon": [
        3.0,
        61.125
    ],
    "exponnorm": [
        1560.4420630395675,
        2.903627509066239,
        0.03870617221268878
    ],
    "exponpow": [
        0.6485423442714107,
        2.999999999999999,
        122.88476368894558
    ],
    "exponweib": [
        0.610031137141236,
        0.9871460455648039,
        2.9999999999999996,
        73.46446529901704
    ],
    "f": [
        1.4755046496619717,
        209.00876861902353,
        2.9999999999863807,
        76.09700039377296
    ],
    "fatiguelife": [
        1.1461327062931739,
        -2.2815581280857176,
        39.695831050351785
    ],
    "fisk": [
        1.3351249954269901,
        1.8448783337687968,
        36.719438883671245
    ],
    "foldcauchy": [
        0.20982026057426653,
        2.9999999999801465,
        35.812474700452654
    ],
    "foldnorm": [
        0.21488582873177547,
        2.9999999999646167,
        84.79277188806172
    ],
    "frechet_l": [
        0.18479115666953,
        210.00000000000006,
        1.713266231216334
    ],
    "frechet_r": [
        0.8572816046264906,
        2.9999999999999996,
        58.326173681357545
    ],
    "gamma": [
        0.6628468219947635,
        2.9999999999999996,
        80.27634382372193
    ],
    "gausshyper": [
        0.7125085179019525,
        3.0615639994754553,
        1.9811822922922002,
        -0.05852731772545999,
        2.999999999999999,
        253.831598228088
    ],
    "genexpon": [
        5.190810451603852,
        3.685932747466477e-13,
        2.8752606397642624,
        2.999999999997155,
        317.28838227461074
    ],
    "genextreme": [
        -0.5877738248596105,
        27.40548747214477,
        27.784075965545824
    ],
    "gengamma": [
        0.747571842972109,
        0.9125147785231464,
        2.9999999999999996,
        71.54885384654199
    ],
    "genhalflogistic": [
        0.06181579953271961,
        2.9999999984697716,
        54.944787954411154
    ],
    "genlogistic": [
        1341.4677412515566,
        -251.41108198263737,
        40.15158207224553
    ],
    "gennorm": [
        0.8256386617270821,
        38.99999999699733,
        32.835985181342416
    ],
    "genpareto": [
        0.007554086882946842,
        2.9999999999735154,
        60.6642185352806
    ],
    "gilbrat": [
        -2.6665540471005613,
        42.16799846395077
    ],
    "gompertz": [
        1.4400890950386334,
        2.999999991638033,
        150.68375523618727
    ],
    "gumbel_l": [
        97.85160127052012,
        71.43766831687095
    ],
    "gumbel_r": [
        37.74268390025982,
        40.10352662691787
    ],
    "halfcauchy": [
        2.9999999997420543,
        36.452042307672336
    ],
    "halfgennorm": [
        0.7952325178281239,
        2.9999999999970353,
        41.302140352449925
    ],
    "halflogistic": [
        2.9999999999643876,
        46.075992621772386
    ],
    "halfnorm": [
        2.99999999984704,
        86.59119628466999
    ],
    "hypsecant": [
        49.15241412467407,
        38.88417470021298
    ],
    "invgamma": [
        1.9989385036899638,
        -13.623317863383484,
        88.45625501154817
    ],
    "invgauss": [
        1.2260761590625182,
        -5.818734854896363,
        57.04679893673715
    ],
    "invweibull": [
        1.7013365535179843,
        -19.864543577562458,
        47.27005378686864
    ],
    "johnsonsb": [
        -0.08366980684119565,
        0.13641552130635892,
        2.9999876312876395,
        207.00001236871242
    ],
    "johnsonsu": [
        -5.5485972931151935,
        0.9121183497471517,
        -1.0368356378790091,
        0.17922237130404073
    ],
    "kappa3": [
        1.86441081988808,
        2.9999999998581997,
        47.69230033467559
    ],
    "kappa4": [
        1.0953940414038406,
        1.0221442514088381,
        -17.210786252643437,
        232.30777067374387
    ],
    "ksone": [
        1.3053444453258112,
        0.0010350964566218962,
        3.902134995832234e-30
    ],
    "kstwobign": [
        -107.96864042150011,
        199.0515346155405
    ],
    "laplace": [
        42.102288812057104,
        45.20833354527646
    ],
    "levy": [
        -0.03820979732953024,
        18.375235905005773
    ],
    "levy_l": [
        222.94229124913363,
        89.03291082276317
    ],
    "loggamma": [
        2005.4334197185076,
        -21126.950264334166,
        2787.131059376601
    ],
    "logistic": [
        54.22617823997675,
        33.27957218479254
    ],
    "loglaplace": [
        1.0732848273540196,
        -0.09111508421220202,
        39.091140254643086
    ],
    "lognorm": [
        6.770257383427177,
        2.999999999999999,
        8.77875652458413
    ],
    "lomax": [
        58.754731356222266,
        2.997138800572287,
        3541.026267883146
    ],
    "maxwell": [
        -60.6884821628451,
        80.29152609192867
    ],
    "mielke": [
        0.5339877947476428,
        2.5277741047320985,
        2.99999999999961,
        95.71129418930505
    ],
    "moyal": [
        30.454736169770776,
        23.37814923720825
    ],
    "nakagami": [
        0.31340241432299676,
        2.999999999999999,
        94.81191106266556
    ],
    "ncf": [
        0.06063536805537593,
        4.864677361632273,
        8.621317516695324,
        -0.03660396297550883,
        0.2853636081449568
    ],
    "nct": [
        1.7983692207561943,
        12.032226907797138,
        -23.83243329847499,
        4.245241551247915
    ],
    "ncx2": [
        69.26727936964467,
        0.22135094596420307,
        -249.70580131981183,
        4.515402310433224
    ],
    "norm": [
        64.125,
        61.33331918025199
    ],
    "norminvgauss": [
        3.8221366253539,
        3.769645538829548,
        -0.07005894134515853,
        10.749991795201828
    ],
    "pareto": [
        0.3970224290887079,
        -0.0032794776094521236,
        3.003279395935823
    ],
    "pearson3": [
        2.281030681857807,
        55.48243098162055,
        59.857017663780624
    ],